0,小林楓,Textures/Chara/Human_Female_00
1,静香,Textures/Chara/Human_Female_01
2,優姫,Textures/Chara/Human_Female_02
3,小林紅葉,Textures/Chara/Human_Female_03
4,アリス,Textures/Chara/Human_Female_04
5,花江,Textures/Chara/Human_Female_05
6,藤原光咲,Textures/Chara/Human_Female_06
7,美音＆梨音,Textures/Chara/Human_Female_07
8,木村恵理,Textures/Chara/Human_Female_08
9,田中結菜,Textures/Chara/Human_Female_09
10,田中結菜2,Textures/Chara/Human_Female_10
11,田中結菜3,Textures/Chara/Human_Female_11
12,中山莉子,Textures/Chara/Human_Female_12
13,楓＆紅葉,Textures/tuika/00104-3019306612
14,黒川美月,Textures/tuika/00034-3019306612
15,怒った美月,Textures/tuika/00036-3019306612
16,泣いてる美月,Textures/tuika/00037-3019306612
17,寝苦しい美月,Textures/tuika/00041-3019306612
18,シスター優姫,Textures/tuika/00046-3019306612
19,シスター優姫の娘,Textures/tuika/00047-3019306612
20,シスター親子,Textures/tuika/00050-3019306612
